<meta>
    <min_mta_version client="1.3.1-9.04997"></min_mta_version>
    <info author="#Hungria" name="" type="" version="1"></info>
        <script src="client.lua" type="client"></script>
        <file src="audio/wasted.mp3" type="client"></file>
</meta>

-------------------------------------------------------------
Nao Remova Isto, Esta Mensagem Nao Aparecera No Seu Servidor
-------------------------------------------------------------
Acesse : http://themtasan.blogspot.com.br/
Criador : #Hungria
Facebook : https://www.facebook.com/themtasan/
-------------------------------------------------------------
Nao Remova Isto, Esta Mensagem Nao Aparecera No Seu Servidor
-------------------------------------------------------------