<meta>
<info name="Painel Veiculo" author="#JapaSCR" type="script" version="1.0" />

	<script src="c.lua" type="client" cache="false" />
	<script src="s.lua" type="server" cache="false" />

    <script src="shaders/BlurShader.lua" type="client" cache="false" />
    <file src="shaders/BlurShader.fx" type="client"/>
	
	<script src="colorpicker/colorpicker.lua" type="client" cache="false" />	
	<file src="colorpicker/palette.png" />
	<file src="colorpicker/alpha.png" />	

    <file src="files/img/reta.png" />
	<file src="files/img/logo.png" />
	<file src="files/img/carro.png" />
	<file src="files/img/farol.png" />
	<file src="files/img/motor.png" />
	<file src="files/img/roda.png" />
	<file src="files/img/suspensao.png" />
	
	<file src="files/img/arrow.png" />
	<file src="files/img/seta.png" />
	<file src="files/img/seta2.png" />

	<file src="files/img/cadiado.png" />
	<file src="files/img/freio.png" />	
	
	<file src="files/img/on.png" />
	<file src="files/img/off.png" />	
	
	<file src="files/img/seta3.png" />

	<file src="files/img/car.png" />
	
	
	<file src="files/img/bola.png" />
	<file src="files/img/icocar.png" />
	
	<file src="files/font/font.ttf" />
	
              <file src="gfx/decer.mp3" />
              <file src="gfx/padrao.mp3" />
              <file src="gfx/painel.mp3" />
              <file src="gfx/button.mp3" />
			  
			  
   <file src='models/BlueNeonTube1.dff' />
    <file src='models/GreenNeonTube1.dff' />
    <file src='models/RedNeonTube1.dff' />
    <file src='models/PinkNeonTube1.dff' />
    <file src='models/YellowNeonTube1.dff' />
    <file src='models/WhiteNeonTube1.dff' />
    <file src='models/BlueNeonTube1.col' />
    <file src='models/GreenNeonTube1.col' />
    <file src='models/RedNeonTube1.col' />
    <file src='models/PinkNeonTube1.col' />
    <file src='models/YellowNeonTube1.col' />
    <file src='models/WhiteNeonTube1.col' />
    <file src='models/MatTextures.txd' />
	
	<settings>
        <setting name="*limit" value="true" friendlyname="Suspension limit" group="General" accept="true, false" examples="true, false" desc="Recommended true for any issues" />
        <setting name="*suspensionmove" value="false" friendlyname="Suspension moving" group="General" accept="true, false" examples="true, false" desc="Recommended false for not use suspension when car move" />
        <setting name="*messagedriver" value="true" friendlyname="Notify driver" group="General" accept="true, false" examples="true, false" desc="Warns the driver about the suspension system when he gets in the car" />
    </settings>
</meta>